-- SQL Seed Script for PostgreSQL database (shopapp)
-- Clean existing products, categories, tags, and all referencing tables using CASCADE
TRUNCATE TABLE products, tags, categories CASCADE;

-- Insert Categories (Parents and Children)
INSERT INTO categories (id, category_name, category_description, icon, image, placeholder, active, parent_id, created_at, updated_at, created_by, updated_by) VALUES
('a0000000-0000-0000-0000-000000000001', 'Clothing', 'Bộ sưu tập quần áo', 'icons/clothing.png', 'assets/images/shop1.png', 'placeholder.png', true, NULL, CURRENT_TIMESTAMP, CURRENT_TIMESTAMP, NULL, NULL),
('a0000000-0000-0000-0000-000000000002', 'Shoes', 'Bộ sưu tập giày dép', 'icons/shoes.png', 'assets/images/shop2.png', 'placeholder.png', true, NULL, CURRENT_TIMESTAMP, CURRENT_TIMESTAMP, NULL, NULL),
('a0000000-0000-0000-0000-000000000003', 'Accessories', 'Bộ sưu tập phụ kiện', 'icons/accessories.png', 'assets/images/shop3.png', 'placeholder.png', true, NULL, CURRENT_TIMESTAMP, CURRENT_TIMESTAMP, NULL, NULL),

('b0000000-0000-0000-0000-000000000011', 'T-Shirts', 'Áo thun năng động', 'icons/tops.png', 'assets/images/shop4.png', 'placeholder.png', true, 'a0000000-0000-0000-0000-000000000001', CURRENT_TIMESTAMP, CURRENT_TIMESTAMP, NULL, NULL),
('b0000000-0000-0000-0000-000000000012', 'Shirts', 'Áo sơ mi thanh lịch', 'icons/shirts.png', 'assets/images/shop5.png', 'placeholder.png', true, 'a0000000-0000-0000-0000-000000000001', CURRENT_TIMESTAMP, CURRENT_TIMESTAMP, NULL, NULL),
('b0000000-0000-0000-0000-000000000013', 'Jackets', 'Áo khoác thời trang', 'icons/knitwear.png', 'assets/images/shop6.png', 'placeholder.png', true, 'a0000000-0000-0000-0000-000000000001', CURRENT_TIMESTAMP, CURRENT_TIMESTAMP, NULL, NULL),
('b0000000-0000-0000-0000-000000000014', 'Hoodies', 'Áo hoodie trẻ trung', 'icons/hoodies.png', 'assets/images/shop4.png', 'placeholder.png', true, 'a0000000-0000-0000-0000-000000000001', CURRENT_TIMESTAMP, CURRENT_TIMESTAMP, NULL, NULL),
('b0000000-0000-0000-0000-000000000015', 'Jeans', 'Quần jeans cá tính', 'icons/jeans.png', 'assets/images/shop6.png', 'placeholder.png', true, 'a0000000-0000-0000-0000-000000000001', CURRENT_TIMESTAMP, CURRENT_TIMESTAMP, NULL, NULL),
('b0000000-0000-0000-0000-000000000016', 'Trousers', 'Quần tây lịch lãm', 'icons/jeans.png', 'assets/images/shop5.png', 'placeholder.png', true, 'a0000000-0000-0000-0000-000000000001', CURRENT_TIMESTAMP, CURRENT_TIMESTAMP, NULL, NULL),
('b0000000-0000-0000-0000-000000000017', 'Shorts', 'Quần shorts thoải mái', 'icons/tops.png', 'assets/images/shop4.png', 'placeholder.png', true, 'a0000000-0000-0000-0000-000000000001', CURRENT_TIMESTAMP, CURRENT_TIMESTAMP, NULL, NULL),

('b0000000-0000-0000-0000-000000000018', 'Sneakers', 'Giày thể thao năng động', 'icons/shoes.png', 'assets/images/shop5.png', 'placeholder.png', true, 'a0000000-0000-0000-0000-000000000002', CURRENT_TIMESTAMP, CURRENT_TIMESTAMP, NULL, NULL),

('b0000000-0000-0000-0000-000000000019', 'Bags', 'Túi xách & Balo', 'icons/bags.png', 'assets/images/shop6.png', 'placeholder.png', true, 'a0000000-0000-0000-0000-000000000003', CURRENT_TIMESTAMP, CURRENT_TIMESTAMP, NULL, NULL),
('b0000000-0000-0000-0000-000000000020', 'Watches', 'Đồng hồ thời trang', 'icons/watches.png', 'assets/images/shop4.png', 'placeholder.png', true, 'a0000000-0000-0000-0000-000000000003', CURRENT_TIMESTAMP, CURRENT_TIMESTAMP, NULL, NULL);

-- Insert Tags (Prefix with 'c' which is valid hex)
INSERT INTO tags (id, tag_name, icon, created_at, updated_at, created_by, updated_by) VALUES
('c0000000-0000-0000-0000-000000000001', 'Best Seller', 'icons/best_seller.png', CURRENT_TIMESTAMP, CURRENT_TIMESTAMP, NULL, NULL),
('c0000000-0000-0000-0000-000000000002', 'Sale', 'icons/sale.png', CURRENT_TIMESTAMP, CURRENT_TIMESTAMP, NULL, NULL),
('c0000000-0000-0000-0000-000000000003', 'Streetwear', 'icons/streetwear.png', CURRENT_TIMESTAMP, CURRENT_TIMESTAMP, NULL, NULL),
('c0000000-0000-0000-0000-000000000004', 'Office', 'icons/office.png', CURRENT_TIMESTAMP, CURRENT_TIMESTAMP, NULL, NULL),
('c0000000-0000-0000-0000-000000000005', 'Premium', 'icons/premium.png', CURRENT_TIMESTAMP, CURRENT_TIMESTAMP, NULL, NULL),
('c0000000-0000-0000-0000-000000000006', 'Winter', 'icons/winter.png', CURRENT_TIMESTAMP, CURRENT_TIMESTAMP, NULL, NULL),
('c0000000-0000-0000-0000-000000000007', 'Hot Trend', 'icons/trend.png', CURRENT_TIMESTAMP, CURRENT_TIMESTAMP, NULL, NULL),
('c0000000-0000-0000-0000-000000000008', 'Sport', 'icons/sport.png', CURRENT_TIMESTAMP, CURRENT_TIMESTAMP, NULL, NULL),
('c0000000-0000-0000-0000-000000000009', 'Summer', 'icons/summer.png', CURRENT_TIMESTAMP, CURRENT_TIMESTAMP, NULL, NULL),
('c0000000-0000-0000-0000-000000000010', 'New Arrival', 'icons/new.png', CURRENT_TIMESTAMP, CURRENT_TIMESTAMP, NULL, NULL);

-- Insert Products (Prefix with 'd' which is valid hex)
INSERT INTO products (id, product_name, slug, sku, image_url, compare_price, sale_price, buying_price, quantity, short_description, product_description, product_type, published, disable_out_of_stock, note, created_at, updated_at, created_by, updated_by) VALUES
('d0000000-0000-0000-0000-000000000001', 'Coolmate Basic Cotton T-Shirt White', 'coolmate-basic-cotton-t-shirt-white', 'SKU001', 'assets/images/pro1.png', 180000.0, 144000.0, 90000.0, 100, 'Áo thun Basic Cotton từ Coolmate.', 'Chất liệu 100% cotton co giãn tốt, thoáng mát, bền bỉ.', 'TSHIRT', true, true, '', CURRENT_TIMESTAMP, CURRENT_TIMESTAMP, NULL, NULL),
('d0000000-0000-0000-0000-000000000002', 'Coolmate Basic Cotton T-Shirt Black', 'coolmate-basic-cotton-t-shirt-black', 'SKU002', 'assets/images/pro2.png', 180000.0, 144000.0, 90000.0, 100, 'Áo thun Basic Cotton từ Coolmate.', 'Chất liệu 100% cotton co giãn tốt, thoáng mát, bền bỉ.', 'TSHIRT', true, true, '', CURRENT_TIMESTAMP, CURRENT_TIMESTAMP, NULL, NULL),
('d0000000-0000-0000-0000-000000000003', 'DirtyCoins Oversize Streetwear Tee', 'dirtycoins-oversize-streetwear-tee', 'SKU003', 'assets/images/pro3.png', 250000.0, 199000.0, 120000.0, 100, 'Áo Oversize Streetwear từ DirtyCoins.', 'Thiết kế form rộng cá tính, họa tiết in chất lượng cao.', 'TSHIRT', true, true, '', CURRENT_TIMESTAMP, CURRENT_TIMESTAMP, NULL, NULL),
('d0000000-0000-0000-0000-000000000004', 'Yody Oxford White Shirt', 'yody-oxford-white-shirt', 'SKU004', 'assets/images/pro4.png', 350000.0, 280000.0, 175000.0, 100, 'Sơ mi Oxford trắng thanh lịch từ Yody.', 'Chất liệu mềm mịn, chống nhăn, thích hợp cho công sở.', 'SHIRT', true, true, '', CURRENT_TIMESTAMP, CURRENT_TIMESTAMP, NULL, NULL),
('d0000000-0000-0000-0000-000000000005', 'Yody Oxford Blue Shirt', 'yody-oxford-blue-shirt', 'SKU005', 'assets/images/pro5.png', 350000.0, 280000.0, 175000.0, 100, 'Sơ mi Oxford xanh thanh lịch từ Yody.', 'Chất liệu mềm mịn, chống nhăn, thích hợp cho công sở.', 'SHIRT', true, true, '', CURRENT_TIMESTAMP, CURRENT_TIMESTAMP, NULL, NULL),
('d0000000-0000-0000-0000-000000000006', 'Levi''s Denim Jacket Classic', 'levis-denim-jacket-classic', 'SKU006', 'assets/images/pro6.png', 850000.0, 680000.0, 425000.0, 100, 'Áo khoác Denim cổ điển từ Levi''s.', 'Denim cao cấp bền bỉ, phong cách bụi bặm cá tính.', 'JACKET', true, true, '', CURRENT_TIMESTAMP, CURRENT_TIMESTAMP, NULL, NULL),
('d0000000-0000-0000-0000-000000000007', 'Routine Bomber Jacket Black', 'routine-bomber-jacket-black', 'SKU007', 'assets/images/pro7.png', 550000.0, 440000.0, 275000.0, 100, 'Áo khoác Bomber đen nam tính từ Routine.', 'Chất vải gió cao cấp, cản gió giữ ấm cực tốt.', 'JACKET', true, true, '', CURRENT_TIMESTAMP, CURRENT_TIMESTAMP, NULL, NULL),
('d0000000-0000-0000-0000-000000000008', 'Routine Premium Hoodie Gray', 'routine-premium-hoodie-gray', 'SKU008', 'assets/images/pro8.png', 450000.0, 360000.0, 225000.0, 100, 'Áo Hoodie xám cao cấp từ Routine.', 'Chất nỉ dày dặn ấm áp, form dáng thời thượng.', 'HOODIE', true, true, '', CURRENT_TIMESTAMP, CURRENT_TIMESTAMP, NULL, NULL),
('d0000000-0000-0000-0000-000000000009', 'DirtyCoins Street Hoodie Black', 'dirtycoins-street-hoodie-black', 'SKU009', 'assets/images/pro9.png', 480000.0, 384000.0, 240000.0, 100, 'Áo Hoodie đen cá tính từ DirtyCoins.', 'Thiết kế phong cách streetwear, chất nỉ ấm áp.', 'HOODIE', true, true, '', CURRENT_TIMESTAMP, CURRENT_TIMESTAMP, NULL, NULL),
('d0000000-0000-0000-0000-000000000010', 'Levi''s Slim Fit Jeans Blue', 'levis-slim-fit-jeans-blue', 'SKU010', 'assets/images/pro10.png', 600000.0, 480000.0, 300000.0, 100, 'Quần Jeans Slim Fit xanh từ Levi''s.', 'Dáng ôm vừa vặn, chất denim co giãn nhẹ thoải mái.', 'JEANS', true, true, '', CURRENT_TIMESTAMP, CURRENT_TIMESTAMP, NULL, NULL),
('d0000000-0000-0000-0000-000000000011', 'Levi''s Ripped Jeans Black', 'levis-ripped-jeans-black', 'SKU011', 'assets/images/pro11.png', 650000.0, 520000.0, 325000.0, 100, 'Quần Jeans rách đen từ Levi''s.', 'Thiết kế cá tính phá cách, denim chất lượng cao.', 'JEANS', true, true, '', CURRENT_TIMESTAMP, CURRENT_TIMESTAMP, NULL, NULL),
('d0000000-0000-0000-0000-000000000012', 'Yody Office Trouser Gray', 'yody-office-trouser-gray', 'SKU012', 'assets/images/pro12.png', 400000.0, 320000.0, 200000.0, 100, 'Quần tây xám công sở từ Yody.', 'Đứng form, chống nhăn tốt, lịch lãm phong cách.', 'TROUSER', true, true, '', CURRENT_TIMESTAMP, CURRENT_TIMESTAMP, NULL, NULL),
('d0000000-0000-0000-0000-000000000013', 'Yody Office Trouser Black', 'yody-office-trouser-black', 'SKU013', 'assets/images/pro13.png', 400000.0, 320000.0, 200000.0, 100, 'Quần tây đen công sở từ Yody.', 'Đứng form, chống nhăn tốt, lịch lãm phong cách.', 'TROUSER', true, true, '', CURRENT_TIMESTAMP, CURRENT_TIMESTAMP, NULL, NULL),
('d0000000-0000-0000-0000-000000000014', 'Nike Sport Shorts Black', 'nike-sport-shorts-black', 'SKU014', 'assets/images/pro14.png', 300000.0, 240000.0, 150000.0, 100, 'Quần shorts thể thao Nike đen.', 'Thoáng khí, thấm hút mồ hôi tốt, lý tưởng khi tập luyện.', 'SHORTS', true, true, '', CURRENT_TIMESTAMP, CURRENT_TIMESTAMP, NULL, NULL),
('d0000000-0000-0000-0000-000000000015', 'Routine Cargo Shorts Khaki', 'routine-cargo-shorts-khaki', 'SKU015', 'assets/images/pro15.png', 350000.0, 280000.0, 175000.0, 100, 'Quần shorts túi hộp Khaki từ Routine.', 'Chất kaki bền bỉ, phong cách dạo phố năng động.', 'SHORTS', true, true, '', CURRENT_TIMESTAMP, CURRENT_TIMESTAMP, NULL, NULL),
('d0000000-0000-0000-0000-000000000016', 'Nike Air Style', 'nike-air-style', 'SKU016', 'assets/images/pro16.png', 1200000.0, 960000.0, 600000.0, 100, 'Giày thể thao Nike Air Style cao cấp.', 'Đế Air êm ái nâng đỡ chân, phong cách thời thượng.', 'SNEAKER', true, true, '', CURRENT_TIMESTAMP, CURRENT_TIMESTAMP, NULL, NULL),
('d0000000-0000-0000-0000-000000000017', 'Adidas Urban Sneaker', 'adidas-urban-sneaker', 'SKU017', 'assets/images/pro17.png', 1500000.0, 1200000.0, 750000.0, 100, 'Giày Adidas Urban Sneaker phong cách.', 'Đế Boost siêu nhẹ, chất liệu ôm chân thoải mái.', 'SNEAKER', true, true, '', CURRENT_TIMESTAMP, CURRENT_TIMESTAMP, NULL, NULL),
('d0000000-0000-0000-0000-000000000018', 'Routine Leather Crossbody Bag', 'routine-leather-crossbody-bag', 'SKU018', 'assets/images/pro18.png', 450000.0, 360000.0, 225000.0, 100, 'Túi đeo chéo da từ Routine.', 'Chất da cao cấp chống thấm, thiết kế nhỏ gọn tiện lợi.', 'BAG', true, true, '', CURRENT_TIMESTAMP, CURRENT_TIMESTAMP, NULL, NULL),
('d0000000-0000-0000-0000-000000000019', 'Puma Canvas Backpack', 'puma-canvas-backpack', 'SKU019', 'assets/images/pro19.png', 650000.0, 520000.0, 325000.0, 100, 'Balo Canvas năng động từ Puma.', 'Chất canvas bền chắc, nhiều ngăn đựng đồ rộng rãi.', 'BAG', true, true, '', CURRENT_TIMESTAMP, CURRENT_TIMESTAMP, NULL, NULL),
('d0000000-0000-0000-0000-000000000020', 'Nike Minimal Watch Silver', 'nike-minimal-watch-silver', 'SKU020', 'assets/images/pro20.png', 1800000.0, 1440000.0, 900000.0, 100, 'Đồng hồ Nike Minimal bạc tinh tế.', 'Mặt đồng hồ tối giản, chất liệu thép không gỉ sang trọng.', 'WATCH', true, true, '', CURRENT_TIMESTAMP, CURRENT_TIMESTAMP, NULL, NULL);

-- Insert Product Categories (Prefix with 'e' which is valid hex)
INSERT INTO product_categories (id, product_id, category_id) VALUES
('e0000000-0000-0000-0000-000000000001', 'd0000000-0000-0000-0000-000000000001', 'b0000000-0000-0000-0000-000000000011'),
('e0000000-0000-0000-0000-000000000002', 'd0000000-0000-0000-0000-000000000002', 'b0000000-0000-0000-0000-000000000011'),
('e0000000-0000-0000-0000-000000000003', 'd0000000-0000-0000-0000-000000000003', 'b0000000-0000-0000-0000-000000000011'),
('e0000000-0000-0000-0000-000000000004', 'd0000000-0000-0000-0000-000000000004', 'b0000000-0000-0000-0000-000000000012'),
('e0000000-0000-0000-0000-000000000005', 'd0000000-0000-0000-0000-000000000005', 'b0000000-0000-0000-0000-000000000012'),
('e0000000-0000-0000-0000-000000000006', 'd0000000-0000-0000-0000-000000000006', 'b0000000-0000-0000-0000-000000000013'),
('e0000000-0000-0000-0000-000000000007', 'd0000000-0000-0000-0000-000000000007', 'b0000000-0000-0000-0000-000000000013'),
('e0000000-0000-0000-0000-000000000008', 'd0000000-0000-0000-0000-000000000008', 'b0000000-0000-0000-0000-000000000014'),
('e0000000-0000-0000-0000-000000000009', 'd0000000-0000-0000-0000-000000000009', 'b0000000-0000-0000-0000-000000000014'),
('e0000000-0000-0000-0000-000000000010', 'd0000000-0000-0000-0000-000000000010', 'b0000000-0000-0000-0000-000000000015'),
('e0000000-0000-0000-0000-000000000011', 'd0000000-0000-0000-0000-000000000011', 'b0000000-0000-0000-0000-000000000015'),
('e0000000-0000-0000-0000-000000000012', 'd0000000-0000-0000-0000-000000000012', 'b0000000-0000-0000-0000-000000000016'),
('e0000000-0000-0000-0000-000000000013', 'd0000000-0000-0000-0000-000000000013', 'b0000000-0000-0000-0000-000000000016'),
('e0000000-0000-0000-0000-000000000014', 'd0000000-0000-0000-0000-000000000014', 'b0000000-0000-0000-0000-000000000017'),
('e0000000-0000-0000-0000-000000000015', 'd0000000-0000-0000-0000-000000000015', 'b0000000-0000-0000-0000-000000000017'),
('e0000000-0000-0000-0000-000000000016', 'd0000000-0000-0000-0000-000000000016', 'b0000000-0000-0000-0000-000000000018'),
('e0000000-0000-0000-0000-000000000017', 'd0000000-0000-0000-0000-000000000017', 'b0000000-0000-0000-0000-000000000018'),
('e0000000-0000-0000-0000-000000000018', 'd0000000-0000-0000-0000-000000000018', 'b0000000-0000-0000-0000-000000000019'),
('e0000000-0000-0000-0000-000000000019', 'd0000000-0000-0000-0000-000000000019', 'b0000000-0000-0000-0000-000000000019'),
('e0000000-0000-0000-0000-000000000020', 'd0000000-0000-0000-0000-000000000020', 'b0000000-0000-0000-0000-000000000020');

-- Insert Product Tags (Prefix with 'f' which is valid hex)
INSERT INTO product_tags (id, product_id, tag_id) VALUES
-- Original/Primary tags
('f0000000-0000-0000-0000-000000000001', 'd0000000-0000-0000-0000-000000000001', 'c0000000-0000-0000-0000-000000000001'),
('f0000000-0000-0000-0000-000000000002', 'd0000000-0000-0000-0000-000000000002', 'c0000000-0000-0000-0000-000000000002'),
('f0000000-0000-0000-0000-000000000003', 'd0000000-0000-0000-0000-000000000003', 'c0000000-0000-0000-0000-000000000003'),
('f0000000-0000-0000-0000-000000000004', 'd0000000-0000-0000-0000-000000000004', 'c0000000-0000-0000-0000-000000000004'),
('f0000000-0000-0000-0000-000000000005', 'd0000000-0000-0000-0000-000000000005', 'c0000000-0000-0000-0000-000000000004'),
('f0000000-0000-0000-0000-000000000006', 'd0000000-0000-0000-0000-000000000006', 'c0000000-0000-0000-0000-000000000005'),
('f0000000-0000-0000-0000-000000000007', 'd0000000-0000-0000-0000-000000000007', 'c0000000-0000-0000-0000-000000000006'),
('f0000000-0000-0000-0000-000000000008', 'd0000000-0000-0000-0000-000000000008', 'c0000000-0000-0000-0000-000000000006'),
('f0000000-0000-0000-0000-000000000009', 'd0000000-0000-0000-0000-000000000009', 'c0000000-0000-0000-0000-000000000007'),
('f0000000-0000-0000-0000-000000000010', 'd0000000-0000-0000-0000-000000000010', 'c0000000-0000-0000-0000-000000000001'),
('f0000000-0000-0000-0000-000000000011', 'd0000000-0000-0000-0000-000000000011', 'c0000000-0000-0000-0000-000000000003'),
('f0000000-0000-0000-0000-000000000012', 'd0000000-0000-0000-0000-000000000012', 'c0000000-0000-0000-0000-000000000004'),
('f0000000-0000-0000-0000-000000000013', 'd0000000-0000-0000-0000-000000000013', 'c0000000-0000-0000-0000-000000000004'),
('f0000000-0000-0000-0000-000000000014', 'd0000000-0000-0000-0000-000000000014', 'c0000000-0000-0000-0000-000000000008'),
('f0000000-0000-0000-0000-000000000015', 'd0000000-0000-0000-0000-000000000015', 'c0000000-0000-0000-0000-000000000009'),
('f0000000-0000-0000-0000-000000000016', 'd0000000-0000-0000-0000-000000000016', 'c0000000-0000-0000-0000-000000000001'),
('f0000000-0000-0000-0000-000000000017', 'd0000000-0000-0000-0000-000000000016', 'c0000000-0000-0000-0000-000000000008'),
('f0000000-0000-0000-0000-000000000018', 'd0000000-0000-0000-0000-000000000017', 'c0000000-0000-0000-0000-000000000005'),
('f0000000-0000-0000-0000-000000000019', 'd0000000-0000-0000-0000-000000000018', 'c0000000-0000-0000-0000-000000000007'),
('f0000000-0000-0000-0000-000000000020', 'd0000000-0000-0000-0000-000000000019', 'c0000000-0000-0000-0000-000000000010'),
('f0000000-0000-0000-0000-000000000021', 'd0000000-0000-0000-0000-000000000020', 'c0000000-0000-0000-0000-000000000005'),

-- Additional Sale mappings for home section
('f0000000-0000-0000-0000-000000000031', 'd0000000-0000-0000-0000-000000000003', 'c0000000-0000-0000-0000-000000000002'),
('f0000000-0000-0000-0000-000000000032', 'd0000000-0000-0000-0000-000000000007', 'c0000000-0000-0000-0000-000000000002'),
('f0000000-0000-0000-0000-000000000033', 'd0000000-0000-0000-0000-000000000010', 'c0000000-0000-0000-0000-000000000002'),
('f0000000-0000-0000-0000-000000000034', 'd0000000-0000-0000-0000-000000000012', 'c0000000-0000-0000-0000-000000000002'),
('f0000000-0000-0000-0000-000000000035', 'd0000000-0000-0000-0000-000000000015', 'c0000000-0000-0000-0000-000000000002'),

-- Additional New Arrival mappings for home section
('f0000000-0000-0000-0000-000000000041', 'd0000000-0000-0000-0000-000000000001', 'c0000000-0000-0000-0000-000000000010'),
('f0000000-0000-0000-0000-000000000042', 'd0000000-0000-0000-0000-000000000004', 'c0000000-0000-0000-0000-000000000010'),
('f0000000-0000-0000-0000-000000000043', 'd0000000-0000-0000-0000-000000000008', 'c0000000-0000-0000-0000-000000000010'),
('f0000000-0000-0000-0000-000000000044', 'd0000000-0000-0000-0000-000000000011', 'c0000000-0000-0000-0000-000000000010'),
('f0000000-0000-0000-0000-000000000045', 'd0000000-0000-0000-0000-000000000016', 'c0000000-0000-0000-0000-000000000010'),

-- Additional Hot Trend mappings for home section
('f0000000-0000-0000-0000-000000000051', 'd0000000-0000-0000-0000-000000000005', 'c0000000-0000-0000-0000-000000000007'),
('f0000000-0000-0000-0000-000000000052', 'd0000000-0000-0000-0000-000000000006', 'c0000000-0000-0000-0000-000000000007'),
('f0000000-0000-0000-0000-000000000053', 'd0000000-0000-0000-0000-000000000013', 'c0000000-0000-0000-0000-000000000007'),
('f0000000-0000-0000-0000-000000000054', 'd0000000-0000-0000-0000-000000000014', 'c0000000-0000-0000-0000-000000000007'),
('f0000000-0000-0000-0000-000000000055', 'd0000000-0000-0000-0000-000000000017', 'c0000000-0000-0000-0000-000000000007'),
('f0000000-0000-0000-0000-000000000056', 'd0000000-0000-0000-0000-000000000020', 'c0000000-0000-0000-0000-000000000007');
